,Total:,,,,,,,,,,,,,,,,,,,,,,,,,,,,,,,,,,,,,,,,,,,,,,,,,,,,,
,,Science and Engineering,,,,,,,,Science and Engineering Related Fields,Business,Education,"Arts, Humanities, and Other",,,,,,Male:,,,,,,,,,,,,,,,,,,Female:,,,,,,,,,,,,,,,,,
,,,"Computers, Mathematics, and Statistics","Biological, Agricultural, and Environmental Sciences",Physical and Related Sciences,Psychology,Social Sciences,Engineering,Multidisciplinary Studies,,,,,Literature and Languages,Liberal Arts and History,Visual and Performing Arts,Communications,Other,,Science and Engineering,,,,,,,,Science and Engineering Related Fields,Business,Education,"Arts, Humanities, and Other",,,,,,,Science and Engineering,,,,,,,,Science and Engineering Related Fields,Business,Education,"Arts, Humanities, and Other",,,,,
Label,,,,,,,,,,,,,,,,,,,,,"Computers, Mathematics, and Statistics","Biological, Agricultural, and Environmental Sciences",Physical and Related Sciences,Psychology,Social Sciences,Engineering,Multidisciplinary Studies,,,,,Literature and Languages,Liberal Arts and History,Visual and Performing Arts,Communications,Other,,,"Computers, Mathematics, and Statistics","Biological, Agricultural, and Environmental Sciences",Physical and Related Sciences,Psychology,Social Sciences,Engineering,Multidisciplinary Studies,,,,,Literature and Languages,Liberal Arts and History,Visual and Performing Arts,Communications,Other
Alabama,,,,,,,,,,,,,,,,,,,,,,,,,,,,,,,,,,,,,,,,,,,,,,,,,,,,,,
Estimate,"65,113",,"81,860","65,509","78,941","55,355","60,829","102,624","50,528","67,628","71,096","53,531",,"60,847","55,226","47,963","56,390","56,753","83,939",,"89,132","79,367","97,759","70,005","72,358","104,924","61,759","96,566","85,457","62,741",,"85,559","61,760","51,641","67,073","71,304","54,762",,"65,853","52,451","60,188","51,497","50,377","76,805","37,362","61,860","59,547","52,138",,"58,462","43,969","46,101","49,550","47,860"
Margin of Error,"±1,336",,"±7,077","±6,390","±12,385","±5,199","±3,885","±3,131","±21,109","±3,178","±2,793","±1,920",,"±3,545","±6,778","±2,438","±4,635","±2,955","±2,747",,"±5,228","±10,297","±6,259","±13,084","±11,956","±7,470","±22,188","±7,138","±5,863","±6,708",,"±34,366","±8,622","±7,347","±13,297","±3,405","±1,812",,"±12,999","±6,962","±5,458","±2,875","±5,742","±17,691","±12,803","±1,950","±3,346","±1,340",,"±8,982","±9,084","±4,537","±3,749","±3,051"
Alaska,,,,,,,,,,,,,,,,,,,,,,,,,,,,,,,,,,,,,,,,,,,,,,,,,,,,,,
Estimate,"75,887",,"81,438","76,393","77,446","88,331","75,909","94,391","85,159","78,810","90,790","70,318",,"51,000","65,720","51,670","61,443","71,243","90,668",,"84,709","94,716","70,891","103,645","116,476","101,451","110,080","82,177","99,139","92,013",,"69,327","70,789","51,923","61,765","90,243","67,091",,"33,813","62,078","88,368","86,152","66,146","52,285","85,123","76,090","72,651","61,505",,"43,924","36,884","49,882","55,227","60,270"
Margin of Error,"±3,025",,"±12,308","±8,311","±25,002","±9,959","±8,543","±16,188","±17,079","±7,751","±10,435","±8,572",,"±25,517","±11,817","±15,197","±12,770","±7,807","±6,472",,"±16,952","±19,992","±18,822","±37,067","±37,374","±16,825","±86,247","±22,171","±12,160","±21,474",,"±28,542","±7,195","±19,818","±15,989","±26,854","±4,262",,"±7,238","±10,273","±22,652","±18,192","±13,013","±50,515","±20,214","±8,843","±12,590","±13,733",,"±12,288","±7,970","±32,132","±26,845","±16,468"
Arizona,,,,,,,,,,,,,,,,,,,,,,,,,,,,,,,,,,,,,,,,,,,,,,,,,,,,,,
Estimate,"74,658",,"94,102","77,120","86,708","60,915","70,738","102,379","58,417","79,041","83,556","55,623",,"62,990","63,668","54,059","70,967","68,492","91,425",,"101,499","83,277","98,141","79,624","86,748","108,089","82,039","97,291","99,033","62,439",,"73,859","72,144","69,416","73,738","82,650","61,386",,"73,172","74,407","77,972","56,674","60,554","81,465","50,845","72,244","69,617","53,882",,"58,715","49,510","48,220","66,729","55,591"
Margin of Error,"±1,769",,"±7,625","±5,644","±13,854","±2,446","±5,051","±3,544","±6,546","±4,277","±3,668","±1,497",,"±4,588","±7,647","±3,894","±1,927","±4,378","±1,682",,"±9,368","±7,910","±11,547","±8,527","±10,338","±6,260","±25,688","±7,814","±4,851","±5,998",,"±14,424","±5,912","±9,621","±9,437","±8,161",±792,,"±15,563","±7,174","±16,102","±3,196","±3,829","±9,621","±9,353","±3,034","±4,187","±1,712",,"±3,706","±3,995","±6,494","±6,748","±3,139"
Arkansas,,,,,,,,,,,,,,,,,,,,,,,,,,,,,,,,,,,,,,,,,,,,,,,,,,,,,,
Estimate,"62,104",,"84,841","62,422","61,420","55,153","60,059","96,426","58,906","71,149","72,477","51,494",,"50,223","56,954","51,389","60,777","57,239","75,580",,"88,882","70,769","97,929","66,094","64,773","100,866","60,688","79,834","87,251","60,010",,"63,279","65,817","55,186","61,742","71,226","55,135",,"62,025","53,955","50,420","49,962","56,046","67,467","50,545","68,846","62,271","50,298",,"45,975","45,810","46,894","59,942","42,577"
Margin of Error,"±1,034",,"±13,646","±7,521","±9,444","±6,476","±6,005","±8,026","±20,632","±4,998","±3,927","±1,016",,"±6,587","±9,000","±4,862","±10,334","±7,506","±3,117",,"±7,107","±6,812","±23,370","±8,379","±11,598","±7,173","±58,771","±15,126","±6,934","±5,981",,"±19,939","±11,042","±10,361","±17,526","±4,368","±1,578",,"±21,378","±7,888","±7,213","±7,104","±7,602","±27,648","±26,170","±5,903","±6,093","±1,100",,"±9,140","±11,383","±9,728","±12,424","±8,105"
California,,,,,,,,,,,,,,,,,,,,,,,,,,,,,,,,,,,,,,,,,,,,,,,,,,,,,,
Estimate,"91,385",,"123,896","99,250","110,041","76,140","91,833","137,141","77,457","94,520","90,489","70,393",,"80,008","77,217","67,412","82,002","75,539","103,538",,"133,813","110,596","124,018","82,781","104,012","142,235","94,031","101,651","100,838","77,116",,"91,549","87,148","71,319","87,630","91,542","80,150",,"103,226","88,951","90,658","73,337","80,159","115,969","74,757","91,533","80,692","66,891",,"72,314","71,401","63,793","80,005","66,273"
Margin of Error,±416,,"±2,370","±2,883","±5,241","±1,668","±1,330","±3,396","±6,261","±3,120","±1,025","±2,317",,"±3,065","±1,956","±2,374","±1,627","±1,500",±754,,"±3,933","±6,095","±3,951","±4,871","±2,168","±1,904","±7,528","±1,390",±661,"±5,546",,"±2,932","±4,102","±2,381","±5,979","±2,694",±404,,"±2,287","±3,898","±4,630","±2,739","±2,176","±7,349","±4,602","±1,240",±845,"±2,248",,"±2,699","±1,682","±3,935","±3,853","±1,718"
Colorado,,,,,,,,,,,,,,,,,,,,,,,,,,,,,,,,,,,,,,,,,,,,,,,,,,,,,,
Estimate,"80,890",,"107,626","77,109","87,311","69,406","82,596","116,138","62,888","80,475","94,322","57,194",,"66,659","74,053","55,279","75,140","68,225","99,015",,"120,171","84,186","101,463","82,308","100,587","119,684","79,634","92,335","104,610","70,885",,"79,264","77,201","61,663","79,736","84,050","68,120",,"91,575","70,177","70,298","65,670","70,633","99,438","59,662","75,583","80,456","55,203",,"61,292","70,070","51,894","71,529","56,524"
Margin of Error,±608,,"±6,264","±4,030","±5,510","±3,562","±3,300","±5,220","±12,496","±2,049","±2,828","±2,648",,"±4,254","±2,882","±3,105","±4,447","±4,140","±2,482",,"±6,595","±4,936","±3,162","±10,288","±3,344","±3,052","±22,279","±5,806","±2,706","±8,565",,"±5,932","±9,044","±6,308","±5,964","±7,019","±1,451",,"±2,041","±2,856","±9,746","±3,499","±6,874","±8,635","±9,926","±2,877","±2,455","±2,535",,"±3,796","±9,247","±2,833","±5,200","±3,002"
Connecticut,,,,,,,,,,,,,,,,,,,,,,,,,,,,,,,,,,,,,,,,,,,,,,,,,,,,,,
Estimate,"84,847",,"102,414","78,399","82,106","75,024","92,995","113,125","80,812","83,715","93,112","72,748",,"73,738","85,488","63,071","76,556","71,693","101,619",,"110,270","80,387","97,500","79,324","113,659","120,825","100,199","100,010","108,794","87,360",,"95,820","103,438","70,524","82,059","81,149","74,340",,"88,061","76,274","71,465","72,013","76,654","91,257","80,677","80,156","80,322","71,692",,"68,813","69,953","60,218","69,738","65,888"
Margin of Error,"±1,553",,"±8,413","±4,901","±10,959","±3,652","±8,784","±6,739","±21,833","±4,689","±4,129","±4,040",,"±6,292","±7,609","±4,765","±6,890","±5,251",±755,,"±11,821","±7,371","±14,842","±12,726","±24,237","±6,159","±75,011","±9,473","±11,157","±12,179",,"±19,368","±12,172","±7,525","±19,685","±2,957","±1,850",,"±8,883","±5,883","±9,506","±5,030","±7,973","±18,263","±27,085","±4,571","±3,027","±2,887",,"±4,663","±8,043","±7,307","±9,070","±3,786"
Delaware,,,,,,,,,,,,,,,,,,,,,,,,,,,,,,,,,,,,,,,,,,,,,,,,,,,,,,
Estimate,"77,030",,"86,405","76,274","90,449","61,812","84,434","120,605","61,379","71,943","82,437","71,994",,"72,446","65,758","65,213","71,587","56,679","87,735",,"84,788","77,602","102,532","69,417","87,101","122,067","79,129","97,793","93,254","90,944",,"88,966","65,753","80,493","72,332","61,310","69,604",,"92,058","74,436","42,063","60,992","60,859","97,798","60,568","70,652","71,792","66,123",,"64,389","67,540","55,630","63,309","53,241"
Margin of Error,"±2,525",,"±15,895","±4,708","±24,831","±4,358","±6,374","±16,153","±30,559","±4,698","±10,723","±5,038",,"±19,172","±18,128","±21,711","±12,667","±10,985","±5,679",,"±21,538","±4,271","±13,763","±13,892","±9,083","±10,144","±31,146","±30,807","±11,705","±12,747",,"±23,149","±17,855","±40,118","±70,218","±9,993","±3,763",,"±18,496","±8,332","±87,481","±3,265","±30,975","±32,987","±45,300","±3,136","±14,168","±11,763",,"±16,532","±35,332","±23,389","±29,531","±17,429"
District of Columbia,,,,,,,,,,,,,,,,,,,,,,,,,,,,,,,,,,,,,,,,,,,,,,,,,,,,,,
Estimate,"111,265",,"122,406","100,252","130,895","119,089","115,213","131,835","109,091","90,911","125,913","89,159",,"97,440","105,831","78,239","99,528","86,309","121,540",,"122,065","97,553","140,114","144,363","127,665","134,927","200,993","91,042","129,803","131,648",,"112,958","107,393","78,733","89,897","97,888","101,715",,"124,298","101,037","120,394","106,441","108,767","112,836","91,588","90,715","111,819","78,144",,"88,642","103,314","76,889","110,347","85,875"
Margin of Error,"±3,098",,"±17,374","±16,510","±25,374","±21,159","±5,573","±9,639","±47,714","±4,192","±7,718","±36,998",,"±12,217","±22,948","±6,179","±13,385","±9,975","±3,176",,"±17,741","±25,209","±24,838","±12,551","±12,018","±16,684","±31,222","±8,602","±12,271","±54,146",,"±13,322","±26,931","±11,251","±28,986","±37,271","±1,392",,"±28,228","±22,129","±47,617","±22,018","±7,647","±41,614","±23,221","±10,439","±25,135","±13,935",,"±5,905","±28,136","±13,534","±12,393","±9,323"
Florida,,,,,,,,,,,,,,,,,,,,,,,,,,,,,,,,,,,,,,,,,,,,,,,,,,,,,,
Estimate,"65,408",,"90,385","66,747","70,315","55,397","71,881","91,300","56,506","67,052","71,734","51,953",,"56,318","60,719","49,415","62,635","60,499","81,614",,"96,512","81,567","86,311","65,603","90,733","96,151","71,263","80,227","87,040","59,330",,"67,287","70,095","52,585","75,017","72,607","56,154",,"67,589","56,740","60,201","52,433","56,981","72,017","55,094","63,060","60,014","51,329",,"52,847","51,041","45,121","60,120","51,827"
Margin of Error,±584,,"±5,420","±4,010","±6,340","±1,527","±3,591","±1,828","±7,074","±1,886","±1,078",±439,,"±2,558","±1,912","±3,521","±5,201","±1,887",±667,,"±6,069","±6,406","±10,523","±5,277","±3,986","±3,682","±24,064","±5,402","±3,529","±3,569",,"±10,798","±6,536","±4,107","±4,900","±3,398",±511,,"±9,064","±2,997","±4,662","±1,431","±3,920","±8,911","±7,570","±2,812","±3,180",±445,,"±3,183","±3,732","±3,244","±3,328","±2,258"
Georgia,,,,,,,,,,,,,,,,,,,,,,,,,,,,,,,,,,,,,,,,,,,,,,,,,,,,,,
Estimate,"72,513",,"98,688","77,039","81,997","60,710","80,622","106,135","54,196","73,874","80,445","57,943",,"65,825","65,451","54,519","65,661","61,867","90,294",,"102,408","92,983","92,384","70,871","100,203","111,714","70,857","86,873","94,953","63,298",,"81,000","76,899","60,047","66,340","72,708","61,925",,"77,245","67,273","71,507","58,335","67,393","91,356","47,716","70,168","66,982","57,071",,"58,817","51,113","50,697","65,412","56,595"
Margin of Error,±882,,"±3,718","±4,837","±5,004","±1,974","±3,550","±4,707","±12,675","±3,636","±1,594","±1,956",,"±6,833","±5,698","±5,179","±3,093",±998,"±1,510",,"±1,897","±9,587","±12,263","±6,415","±9,417","±4,115","±13,555","±7,999","±4,772","±4,483",,"±2,555","±5,658","±6,196","±7,579","±7,485",±438,,"±8,192","±5,797","±6,715","±3,851","±6,413","±10,620","±14,157","±3,445","±3,068","±1,771",,"±5,252","±3,920","±2,302","±4,419","±4,865"
Hawaii,,,,,,,,,,,,,,,,,,,,,,,,,,,,,,,,,,,,,,,,,,,,,,,,,,,,,,
Estimate,"69,861",,"90,683","71,574","80,477","62,145","70,095","98,841","47,320","82,259","72,466","60,795",,"56,076","56,759","53,590","61,838","61,563","81,772",,"96,797","82,278","101,107","72,149","80,506","100,400","132,654","79,457","85,101","68,846",,"57,459","60,034","71,814","67,494","85,558","61,243",,"76,506","64,906","61,031","60,443","60,888","81,378","35,091","83,193","61,760","59,886",,"55,426","48,586","44,501","56,728","50,090"
Margin of Error,"±2,234",,"±15,603","±5,370","±25,925","±4,232","±3,481","±6,516","±28,885","±5,563","±4,125","±2,444",,"±6,842","±9,309","±12,653","±8,521","±8,920","±2,818",,"±8,980","±20,961","±12,565","±14,966","±11,852","±4,149","±83,344","±14,266","±13,452","±12,643",,"±13,538","±10,836","±18,837","±26,366","±9,233","±1,025",,"±10,975","±8,055","±11,562","±6,846","±5,414","±33,756","±19,421","±6,278","±5,716","±4,427",,"±8,182","±22,223","±8,002","±10,307","±3,519"
Idaho,,,,,,,,,,,,,,,,,,,,,,,,,,,,,,,,,,,,,,,,,,,,,,,,,,,,,,
Estimate,"65,292",,"76,572","75,717","70,110","51,885","74,036","97,598","52,770","67,479","72,937","54,501",,"55,466","45,664","44,533","55,655","52,944","80,915",,"86,938","81,059","73,185","66,438","92,580","101,344","60,663","83,211","82,449","66,478",,"71,844","61,285","64,365","61,842","72,966","53,254",,"55,396","66,014","56,841","41,422","56,882","71,471","49,155","61,896","64,342","52,458",,"45,478","37,115","35,907","53,080","43,337"
Margin of Error,"±1,303",,"±15,626","±6,041","±9,280","±9,628","±7,055","±9,503","±8,295","±6,232","±5,654","±2,544",,"±8,881","±7,919","±9,501","±6,146","±5,010","±1,617",,"±12,678","±6,519","±14,333","±11,115","±14,707","±4,401","±17,838","±11,236","±6,001","±7,686",,"±16,263","±9,979","±14,067","±11,000","±14,215","±2,092",,"±17,599","±9,782","±20,488","±6,569","±7,074","±25,981","±11,859","±4,736","±7,910","±2,623",,"±8,295","±4,863","±5,556","±6,877","±2,904"
Illinois,,,,,,,,,,,,,,,,,,,,,,,,,,,,,,,,,,,,,,,,,,,,,,,,,,,,,,
Estimate,"79,276",,"99,679","83,267","91,055","63,368","87,937","103,945","65,107","77,626","89,348","61,795",,"71,415","69,814","60,847","77,092","69,357","93,566",,"104,960","92,275","103,240","81,475","100,933","110,159","97,381","88,897","101,625","76,330",,"79,003","75,826","62,672","82,494","82,590","68,069",,"81,653","74,125","78,193","60,232","72,774","92,364","52,166","74,787","76,059","59,318",,"70,078","61,416","59,960","70,122","60,617"
Margin of Error,"±1,087",,"±4,600","±5,772","±6,841","±3,507","±4,237","±2,606","±6,471","±2,902","±2,616",±739,,"±1,590","±4,663","±1,247","±2,690","±2,753","±1,516",,"±5,985","±8,832","±12,605","±4,948","±2,789","±5,362","±9,316","±3,510","±1,228","±1,829",,"±9,052","±2,329","±4,613","±5,057","±4,153","±1,460",,"±4,909","±5,483","±7,883","±3,275","±5,259","±5,379","±8,121","±2,296","±1,811","±2,460",,"±5,036","±3,700","±5,731","±5,125","±1,627"
Indiana,,,,,,,,,,,,,,,,,,,,,,,,,,,,,,,,,,,,,,,,,,,,,,,,,,,,,,
Estimate,"66,125",,"82,345","73,115","74,881","54,981","68,594","100,777","54,754","72,084","75,735","52,283",,"56,601","56,067","47,328","59,074","58,284","81,221",,"94,045","85,759","83,276","60,107","77,019","104,741","73,438","80,888","90,924","65,365",,"70,286","62,744","55,705","65,933","74,219","56,283",,"60,969","66,003","67,857","52,028","62,247","72,012","50,842","70,233","61,132","50,547",,"50,453","48,024","40,810","52,514","51,800"
Margin of Error,±703,,"±5,703","±5,394","±6,964","±4,951","±3,522","±2,678","±5,345","±1,916","±2,282","±1,271",,"±4,286","±4,069","±3,606","±4,589","±3,828","±1,097",,"±9,254","±7,692","±6,842","±8,378","±3,235","±5,097","±21,004","±3,214","±3,122","±5,249",,"±10,141","±4,919","±5,057","±7,314","±7,637",±899,,"±1,226","±7,560","±8,057","±3,773","±5,512","±15,388","±13,266","±3,779","±1,120","±1,081",,"±2,746","±4,608","±2,493","±5,241","±2,229"
Iowa,,,,,,,,,,,,,,,,,,,,,,,,,,,,,,,,,,,,,,,,,,,,,,,,,,,,,,
Estimate,"66,740",,"91,582","73,006","75,167","57,571","71,257","95,498","60,014","71,461","78,020","56,510",,"55,390","54,903","49,718","60,646","56,457","80,300",,"99,341","75,272","82,426","65,218","78,131","95,817","49,063","81,832","89,411","69,682",,"61,109","60,821","53,533","52,238","61,924","60,370",,"70,058","71,305","65,263","55,646","61,804","92,696","60,043","67,344","66,574","53,615",,"53,424","42,301","45,074","63,871","52,197"
Margin of Error,±876,,"±6,200","±3,409","±13,054","±4,669","±7,089","±5,716","±7,817","±1,811","±4,036","±1,562",,"±6,394","±5,452","±4,378","±6,695","±3,014","±1,387",,"±9,244","±5,518","±14,364","±18,388","±8,999","±5,595","±48,676","±6,383","±4,711","±4,974",,"±7,553","±5,069","±8,026","±6,407","±6,154",±851,,"±9,321","±4,841","±10,548","±7,098","±7,857","±13,846","±5,873","±4,179","±4,573","±2,224",,"±8,047","±12,115","±3,695","±5,945","±5,382"
Kansas,,,,,,,,,,,,,,,,,,,,,,,,,,,,,,,,,,,,,,,,,,,,,,,,,,,,,,
Estimate,"66,166",,"91,399","65,147","74,796","55,816","67,112","103,939","64,375","74,395","77,272","52,028",,"55,029","60,641","57,125","60,254","58,431","81,057",,"99,150","78,487","90,736","72,319","76,180","106,505","82,016","90,062","86,939","61,919",,"57,393","70,373","65,749","71,535","71,272","56,411",,"80,977","55,247","56,453","51,596","52,246","92,765","48,823","69,036","65,699","50,586",,"46,914","48,655","46,096","54,058","51,947"
Margin of Error,±934,,"±9,893","±6,773","±8,620","±3,488","±6,375","±3,645","±23,063","±4,350","±3,853",±929,,"±3,524","±4,137","±5,048","±5,042","±4,354","±1,103",,"±7,037","±6,625","±15,091","±15,108","±13,361","±5,725","±6,597","±14,949","±4,980","±2,461",,"±6,402","±5,736","±6,268","±8,216","±5,387","±1,026",,"±7,225","±3,666","±11,774","±1,309","±4,429","±14,215","±9,616","±4,476","±4,572",±972,,"±6,289","±4,270","±9,504","±6,063","±2,477"
Kentucky,,,,,,,,,,,,,,,,,,,,,,,,,,,,,,,,,,,,,,,,,,,,,,,,,,,,,,
Estimate,"63,640",,"74,390","65,062","80,915","56,406","71,808","99,501","53,343","72,538","71,984","53,058",,"51,988","54,244","47,129","61,862","52,869","74,597",,"81,832","65,910","86,658","66,888","81,437","101,013","51,316","81,293","81,953","65,329",,"56,619","57,945","51,544","56,948","63,945","57,700",,"61,919","63,668","74,279","52,134","59,753","84,230","55,854","70,981","62,847","51,401",,"50,879","42,488","43,263","62,615","48,838"
Margin of Error,"±1,969",,"±8,198","±5,235","±11,166","±4,787","±4,729","±7,623","±11,608","±2,963","±1,943","±2,510",,"±4,608","±4,489","±5,302","±3,416","±3,734","±2,307",,"±11,639","±6,048","±13,192","±17,325","±8,562","±2,580","±19,334","±4,486","±4,425","±6,471",,"±8,856","±3,303","±12,363","±10,829","±5,809","±1,852",,"±7,269","±6,290","±9,657","±6,064","±6,532","±9,373","±14,934","±1,864","±4,621","±1,119",,"±5,735","±7,529","±5,234","±4,833","±3,930"
Louisiana,,,,,,,,,,,,,,,,,,,,,,,,,,,,,,,,,,,,,,,,,,,,,,,,,,,,,,
Estimate,"61,903",,"70,379","76,407","90,817","55,979","74,060","98,397","50,925","71,470","66,045","50,273",,"58,910","56,201","46,523","59,358","55,908","77,353",,"71,246","81,595","100,718","62,759","90,829","102,128","53,406","87,723","75,879","62,127",,"64,464","66,492","47,227","62,165","75,858","54,721",,"67,599","63,943","61,902","52,955","59,619","79,602","42,342","67,778","55,432","49,046",,"52,347","46,767","45,373","56,682","43,633"
Margin of Error,±613,,"±9,378","±3,677","±18,189","±5,093","±6,571","±5,813","±11,332","±2,580","±4,614","±1,240",,"±6,934","±6,033","±5,045","±5,208","±2,303","±2,541",,"±10,596","±5,855","±9,180","±29,127","±9,492","±8,094","±20,624","±12,981","±2,809","±6,268",,"±11,250","±9,107","±7,786","±12,106","±7,460","±1,257",,"±13,920","±8,161","±27,769","±6,022","±7,399","±19,923","±11,455","±3,584","±3,311","±1,708",,"±9,952","±4,668","±7,984","±6,138","±4,205"
Maine,,,,,,,,,,,,,,,,,,,,,,,,,,,,,,,,,,,,,,,,,,,,,,,,,,,,,,
Estimate,"65,150",,"85,098","65,053","69,655","52,218","74,799","111,285","54,517","72,189","70,264","57,087",,"53,784","52,741","45,902","56,093","57,273","74,226",,"86,078","72,455","68,513","64,550","81,039","112,333","70,221","74,986","77,066","65,358",,"60,634","63,485","52,366","49,748","72,013","57,264",,"82,231","57,013","70,158","51,347","70,255","91,352","50,958","70,963","61,623","56,234",,"51,760","49,474","41,092","57,350","53,014"
Margin of Error,"±1,911",,"±11,434","±3,285","±17,922","±9,072","±4,720","±7,189","±17,351","±3,435","±4,669","±3,422",,"±5,609","±3,630","±6,969","±3,846","±7,524","±4,049",,"±18,427","±7,098","±30,270","±25,191","±4,847","±6,604","±29,864","±8,310","±5,752","±7,576",,"±5,169","±6,799","±10,999","±6,847","±11,281","±2,012",,"±15,976","±4,637","±28,626","±5,761","±11,867","±38,475","±5,752","±6,076","±5,919","±3,247",,"±3,162","±7,123","±3,803","±5,630","±4,384"
Maryland,,,,,,,,,,,,,,,,,,,,,,,,,,,,,,,,,,,,,,,,,,,,,,,,,,,,,,
Estimate,"90,152",,"111,671","92,174","110,760","73,609","99,245","118,357","76,791","89,402","93,589","70,722",,"77,290","81,694","63,225","83,211","75,982","103,421",,"120,537","100,066","123,407","83,789","115,620","122,527","96,175","110,118","104,847","76,178",,"84,589","86,633","65,024","85,084","92,079","79,367",,"100,221","86,866","100,012","72,212","88,658","95,618","66,660","82,632","83,956","70,070",,"74,631","75,830","62,693","82,285","67,143"
Margin of Error,"±1,141",,"±7,441","±5,019","±8,905","±3,175","±3,960","±5,268","±9,148","±4,077","±3,006","±1,869",,"±5,255","±3,097","±3,725","±5,079","±3,723","±1,564",,"±5,186","±6,319","±5,202","±11,926","±7,943","±3,081","±25,746","±9,717","±5,076","±6,429",,"±13,779","±8,159","±12,051","±8,011","±7,101","±1,485",,"±8,345","±4,508","±18,330","±2,732","±5,547","±13,525","±17,048","±4,980","±4,735","±3,229",,"±6,575","±4,608","±4,261","±5,757","±3,983"
Massachusetts,,,,,,,,,,,,,,,,,,,,,,,,,,,,,,,,,,,,,,,,,,,,,,,,,,,,,,
Estimate,"90,672",,"115,492","100,266","113,507","72,186","94,476","123,692","72,767","90,051","98,132","71,337",,"80,883","81,894","62,305","76,971","79,327","105,763",,"124,093","121,283","123,297","87,019","113,483","130,363","91,217","102,324","111,760","74,783",,"86,384","90,330","71,765","78,511","92,615","78,371",,"99,283","86,048","100,693","70,868","80,323","102,392","66,022","85,559","81,757","70,152",,"76,415","72,519","58,115","76,195","68,068"
Margin of Error,±679,,"±9,221","±5,096","±9,155","±2,491","±4,520","±3,268","±9,402","±3,244","±3,951","±2,054",,"±2,834","±3,755","±4,854","±2,499","±3,732","±2,212",,"±6,556","±7,161","±8,526","±5,044","±6,453","±5,865","±12,682","±2,850","±3,511","±7,648",,"±5,107","±7,650","±5,574","±4,735","±2,911","±1,510",,"±3,771","±6,597","±5,064","±2,104","±3,585","±6,615","±3,965","±2,985","±1,301","±4,475",,"±4,981","±4,726","±5,255","±3,290","±5,498"
Michigan,,,,,,,,,,,,,,,,,,,,,,,,,,,,,,,,,,,,,,,,,,,,,,,,,,,,,,
Estimate,"72,760",,"90,854","70,474","84,594","57,625","75,873","105,624","67,751","74,506","80,213","60,143",,"60,029","60,310","49,919","64,148","61,158","89,000",,"96,249","77,875","98,284","69,846","87,504","109,619","72,129","83,276","92,874","71,787",,"70,575","62,915","52,191","74,802","75,774","61,783",,"70,851","65,894","71,262","55,634","62,059","94,375","63,151","71,586","67,610","56,258",,"51,809","54,100","46,869","59,570","51,511"
Margin of Error,±778,,"±2,669","±2,822","±6,600","±3,056","±4,170","±3,224","±9,410","±2,126","±1,749","±1,541",,"±4,715","±3,797","±1,882","±3,317","±1,094","±1,817",,"±4,607","±5,315","±6,780","±8,141","±7,267","±3,814","±9,654","±4,821","±2,796","±1,861",,"±6,276","±6,630","±6,458","±10,099","±2,698",±436,,"±7,494","±2,925","±7,540","±2,771","±3,654","±10,567","±11,481","±1,229","±3,328","±1,321",,"±3,851","±4,077","±3,479","±5,554","±1,480"
Minnesota,,,,,,,,,,,,,,,,,,,,,,,,,,,,,,,,,,,,,,,,,,,,,,,,,,,,,,
Estimate,"77,402",,"103,279","75,580","89,377","70,141","81,754","103,269","72,305","80,053","90,263","61,255",,"62,498","67,529","60,358","74,561","68,007","90,462",,"109,617","81,857","95,420","75,442","91,798","108,262","85,268","98,736","99,274","70,112",,"66,943","76,208","65,506","76,240","78,462","69,363",,"90,684","70,865","81,911","66,417","69,881","87,895","61,750","76,121","80,566","56,999",,"61,367","58,706","56,370","73,345","62,305"
Margin of Error,±823,,"±2,588","±2,299","±3,859","±3,404","±3,028","±3,075","±13,975","±2,457","±2,117","±1,167",,"±5,160","±4,551","±2,268","±3,395","±2,390","±1,098",,"±7,256","±6,058","±8,905","±7,486","±5,218","±5,746","±20,524","±5,364","±3,561","±2,939",,"±8,245","±8,172","±6,171","±6,650","±6,179","±1,311",,"±9,862","±2,225","±7,113","±4,098","±6,647","±3,656","±23,132","±1,539","±2,775","±2,504",,"±3,825","±6,599","±5,686","±4,843","±3,418"
Mississippi,,,,,,,,,,,,,,,,,,,,,,,,,,,,,,,,,,,,,,,,,,,,,,,,,,,,,,
Estimate,"57,017",,"62,647","64,961","62,955","50,198","60,239","90,097","51,058","68,761","66,918","50,291",,"53,221","51,333","45,382","51,852","47,433","72,265",,"60,889","85,760","80,246","49,604","70,627","93,750","80,851","80,524","85,074","61,505",,"74,318","56,398","51,250","54,398","61,559","51,645",,"65,392","52,020","41,200","50,270","43,398","71,721","28,377","65,308","56,938","47,590",,"49,109","48,251","42,426","50,972","45,159"
Margin of Error,"±1,322",,"±9,611","±10,516","±10,817","±4,466","±4,410","±4,405","±26,386","±4,394","±4,337","±1,536",,"±9,175","±3,394","±13,878","±4,908","±2,361","±3,420",,"±15,167","±7,422","±11,285","±17,768","±17,150","±7,782","±26,978","±8,450","±8,200","±7,049",,"±21,745","±11,264","±33,792","±5,803","±14,787",±714,,"±12,930","±10,798","±16,176","±5,922","±18,803","±15,975","±20,509","±6,771","±4,703","±2,493",,"±10,873","±8,306","±12,698","±6,071","±4,483"
Missouri,,,,,,,,,,,,,,,,,,,,,,,,,,,,,,,,,,,,,,,,,,,,,,,,,,,,,,
Estimate,"67,380",,"96,925","68,431","76,232","60,695","67,209","100,563","61,869","75,364","76,805","50,678",,"60,204","60,643","50,276","60,905","57,715","80,976",,"101,092","80,848","78,886","73,486","75,702","102,651","76,225","84,621","87,098","61,082",,"85,633","62,234","59,338","62,218","72,244","59,057",,"83,946","60,708","71,458","53,423","57,816","83,409","52,091","71,489","68,211","48,248",,"51,277","53,247","46,101","59,346","49,572"
Margin of Error,±957,,"±4,425","±4,620","±4,876","±3,620","±6,655","±3,998","±9,574","±2,203","±1,576","±1,009",,"±4,248","±2,563","±2,411","±2,314","±5,185","±1,228",,"±3,180","±6,355","±3,681","±7,964","±8,143","±4,769","±10,160","±9,096","±4,827","±1,386",,"±20,007","±3,964","±4,779","±9,760","±4,468","±1,850",,"±6,624","±3,799","±4,774","±4,153","±5,892","±4,601","±10,824","±1,821","±3,660","±1,716",,"±4,008","±5,107","±4,295","±4,217","±2,855"
Montana,,,,,,,,,,,,,,,,,,,,,,,,,,,,,,,,,,,,,,,,,,,,,,,,,,,,,,
Estimate,"62,004",,"87,311","60,666","70,707","50,303","61,890","90,389","90,758","66,154","64,275","50,558",,"51,153","60,621","46,887","57,841","64,844","76,443",,"91,235","72,558","95,258","88,250","57,415","91,011","81,039","78,843","76,287","57,441",,"41,534","64,470","59,321","90,108","81,836","52,772",,"81,929","51,199","55,616","44,350","68,115","55,972","91,625","61,159","52,817","48,794",,"51,906","56,639","42,031","52,937","53,073"
Margin of Error,"±1,381",,"±16,816","±6,733","±15,607","±6,194","±12,925","±7,747","±39,693","±6,345","±5,329","±3,540",,"±4,535","±6,602","±5,364","±7,319","±7,335","±3,180",,"±16,829","±7,558","±42,933","±6,884","±18,201","±7,383","±230,352","±10,130","±8,852","±13,910",,"±20,840","±11,830","±18,655","±41,922","±15,427","±2,057",,"±38,842","±8,052","±21,163","±6,040","±20,589","±31,404","±47,832","±6,640","±7,825","±6,137",,"±3,747","±7,362","±7,110","±14,231","±4,361"
Nebraska,,,,,,,,,,,,,,,,,,,,,,,,,,,,,,,,,,,,,,,,,,,,,,,,,,,,,,
Estimate,"67,029",,"86,071","65,925","64,232","59,063","62,668","101,365","52,092","72,779","77,891","57,983",,"57,598","58,841","47,023","64,685","61,628","80,642",,"88,699","77,568","74,236","67,067","77,757","102,018","55,893","77,664","92,771","67,815",,"76,206","71,498","54,250","74,768","70,075","60,000",,"79,913","56,521","54,554","55,409","60,396","80,670","51,546","71,811","66,613","53,962",,"51,583","50,901","44,348","53,897","56,088"
Margin of Error,"±1,001",,"±7,896","±5,514","±11,792","±6,157","±3,599","±6,784","±3,998","±2,331","±4,083","±2,746",,"±11,351","±6,204","±5,980","±5,589","±2,053","±2,043",,"±9,839","±6,636","±22,215","±16,217","±15,721","±6,311","±12,789","±8,733","±6,303","±6,019",,"±17,291","±23,243","±15,567","±14,326","±7,525","±1,848",,"±30,149","±5,626","±28,038","±4,207","±4,543","±47,947","±2,964","±2,233","±2,998","±2,566",,"±7,767","±7,693","±5,822","±12,454","±5,188"
Nevada,,,,,,,,,,,,,,,,,,,,,,,,,,,,,,,,,,,,,,,,,,,,,,,,,,,,,,
Estimate,"69,202",,"78,824","71,869","73,438","54,501","72,186","95,835","51,753","80,614","71,796","62,118",,"56,076","62,352","51,551","61,732","66,049","77,343",,"82,777","82,172","86,648","61,099","81,437","101,080","51,944","84,282","77,391","71,182",,"68,020","68,205","52,251","66,760","75,873","61,297",,"63,315","65,890","52,121","52,599","52,166","74,471","50,764","79,402","66,688","60,303",,"50,964","55,969","51,251","57,131","58,514"
Margin of Error,"±2,483",,"±14,444","±9,468","±10,525","±6,446","±8,410","±7,938","±9,890","±3,718","±3,241","±2,896",,"±9,425","±10,295","±4,085","±9,899","±7,640","±3,869",,"±18,254","±17,026","±13,967","±5,421","±7,989","±4,274","±10,933","±7,164","±6,344","±5,097",,"±11,450","±13,188","±12,936","±13,425","±13,763","±1,541",,"±36,973","±8,287","±16,849","±3,033","±12,995","±16,877","±29,327","±9,053","±7,671","±2,866",,"±6,798","±11,698","±3,018","±12,695","±9,969"
New Hampshire,,,,,,,,,,,,,,,,,,,,,,,,,,,,,,,,,,,,,,,,,,,,,,,,,,,,,,
Estimate,"80,466",,"110,661","78,490","83,988","70,219","80,975","114,006","61,054","79,589","89,682","57,797",,"62,118","76,438","60,435","70,501","73,316","100,491",,"113,379","83,836","90,414","81,417","102,027","121,473","82,777","95,217","103,318","70,998",,"83,027","84,727","76,899","73,533","85,591","66,892",,"104,936","71,320","65,262","66,784","67,700","102,016","60,821","73,265","75,303","54,813",,"60,909","66,708","51,680","65,631","62,404"
Margin of Error,"±1,288",,"±11,689","±8,496","±15,527","±5,364","±7,026","±13,648","±27,382","±4,562","±9,000","±6,111",,"±7,762","±7,940","±8,793","±8,505","±6,630","±2,328",,"±19,368","±26,052","±18,283","±37,374","±10,990","±13,075","±88,602","±15,462","±4,971","±8,646",,"±25,877","±16,634","±19,613","±14,204","±9,963","±2,222",,"±14,931","±13,162","±13,724","±7,843","±9,093","±9,952","±27,642","±5,585","±9,473","±3,529",,"±4,022","±16,773","±11,247","±11,000","±6,649"
New Jersey,,,,,,,,,,,,,,,,,,,,,,,,,,,,,,,,,,,,,,,,,,,,,,,,,,,,,,
Estimate,"90,680",,"115,550","90,196","101,959","75,673","101,641","124,190","92,414","88,913","97,996","72,325",,"76,617","82,073","66,036","85,668","72,573","104,225",,"124,836","101,304","104,169","90,824","121,182","131,707","125,897","102,223","107,447","84,872",,"99,028","92,991","71,721","87,278","80,488","77,112",,"96,450","80,664","96,097","71,408","85,818","101,554","80,351","82,526","80,447","70,201",,"70,666","67,791","62,583","85,111","66,859"
Margin of Error,±698,,"±6,870","±5,878","±2,757","±2,891","±1,559","±3,720","±17,936","±2,814","±3,623","±2,148",,"±6,189","±5,756","±2,612","±4,478","±2,928","±1,043",,"±9,079","±2,076","±6,682","±7,848","±7,287","±4,811","±37,358","±2,349","±7,215","±8,963",,"±8,944","±3,612","±7,620","±7,893","±6,931","±1,023",,"±7,966","±4,795","±9,295","±2,823","±3,490","±4,201","±11,400","±2,894","±3,082","±2,248",,"±4,188","±6,028","±4,413","±7,355","±6,176"
New Mexico,,,,,,,,,,,,,,,,,,,,,,,,,,,,,,,,,,,,,,,,,,,,,,,,,,,,,,
Estimate,"65,164",,"110,505","62,035","84,743","55,258","60,722","91,653","71,059","75,047","69,370","57,007",,"54,422","50,449","43,102","66,781","62,374","76,909",,"122,443","65,797","90,682","65,486","66,741","102,411","96,413","85,736","75,779","62,092",,"60,384","52,635","39,560","70,687","80,851","58,315",,"64,009","60,780","81,287","51,824","51,892","73,320","70,065","67,381","63,229","55,962",,"54,087","44,777","45,082","59,898","57,216"
Margin of Error,"±2,296",,"±19,182","±5,094","±18,638","±6,617","±2,787","±9,103","±17,177","±4,767","±6,057","±3,471",,"±9,046","±7,488","±8,476","±9,518","±4,207","±2,347",,"±17,201","±7,113","±30,325","±20,508","±9,997","±9,391","±37,174","±8,316","±5,947","±5,968",,"±26,371","±11,158","±15,944","±5,614","±9,402","±3,315",,"±15,174","±5,968","±30,224","±6,851","±9,246","±21,830","±57,506","±7,908","±6,463","±3,416",,"±7,370","±4,236","±8,845","±17,251","±4,520"
New York,,,,,,,,,,,,,,,,,,,,,,,,,,,,,,,,,,,,,,,,,,,,,,,,,,,,,,
Estimate,"82,359",,"103,419","82,417","80,789","72,426","94,298","103,269","68,854","82,784","91,298","71,820",,"77,018","83,661","65,164","79,009","69,818","95,200",,"107,518","89,307","92,100","87,498","108,248","105,709","82,720","92,022","102,042","80,018",,"82,488","92,190","68,920","78,908","80,088","75,026",,"96,819","76,948","71,288","69,329","81,634","93,869","65,989","80,993","79,332","70,182",,"74,638","73,004","62,099","79,059","61,410"
Margin of Error,±435,,"±2,141","±2,335","±4,285","±2,293","±2,963","±2,499","±7,815","±2,247","±1,125","±1,487",,"±3,749","±4,533","±3,096","±3,041","±2,881","±1,396",,"±7,438","±5,478","±7,777","±5,068","±7,705","±4,272","±19,526","±4,119","±1,120","±4,553",,"±6,254","±4,089","±4,248","±5,425","±4,715",±842,,"±8,686","±2,686","±4,321","±3,897","±1,516","±5,309","±5,780","±1,289","±2,627","±2,326",,"±2,915","±4,171","±1,918","±3,085","±1,395"
North Carolina,,,,,,,,,,,,,,,,,,,,,,,,,,,,,,,,,,,,,,,,,,,,,,,,,,,,,,
Estimate,"70,719",,"98,748","75,250","85,343","58,123","71,855","106,189","57,504","73,874","79,302","51,043",,"58,500","60,654","51,737","70,170","57,254","87,605",,"106,130","89,811","102,763","80,463","81,766","111,350","63,605","86,752","91,688","60,619",,"68,031","66,867","59,409","75,824","68,635","60,472",,"73,214","64,457","69,887","53,995","61,365","92,638","52,014","71,216","65,938","50,023",,"55,809","50,484","48,881","66,340","51,580"
Margin of Error,±642,,"±5,812","±3,316","±9,176","±3,978","±2,838","±4,061","±5,007","±2,320","±2,841",±627,,"±3,258","±3,273","±1,382","±3,700","±1,923","±1,514",,"±8,643","±8,490","±4,844","±8,036","±4,696","±5,343","±9,598","±6,546","±2,688","±3,464",,"±9,094","±5,611","±5,519","±6,507","±5,076",±458,,"±5,778","±3,633","±4,413","±2,530","±3,160","±10,946","±7,669","±1,293","±1,742","±1,078",,"±2,654","±2,890","±4,434","±2,403","±1,288"
North Dakota,,,,,,,,,,,,,,,,,,,,,,,,,,,,,,,,,,,,,,,,,,,,,,,,,,,,,,
Estimate,"65,995",,"94,891","70,625","80,376","65,389","66,190","88,125","56,427","70,386","71,972","52,110",,"39,837","62,008","41,542","57,389","62,621","81,772",,"103,886","76,767","91,466","83,506","74,800","92,648",-,"88,335","85,874","72,455",,"65,036","67,664","61,233","82,718","73,987","58,206",,"66,136","59,934","49,830","60,409","62,144","73,295","55,010","66,217","62,264","50,649",,"34,583","51,880","40,823","41,887","55,988"
Margin of Error,"±1,332",,"±20,122","±9,798","±25,152","±9,172","±13,811","±14,332","±9,197","±6,594","±7,625","±2,171",,"±31,055","±8,617","±3,126","±19,677","±2,321","±2,358",,"±10,669","±10,983","±33,904","±17,265","±29,293","±16,537",**,"±8,154","±9,317","±13,078",,"±37,124","±25,745","±15,695","±12,995","±5,461","±3,846",,"±20,794","±12,688","±81,279","±30,168","±12,521","±38,080","±7,477","±2,398","±5,045","±2,527",,"±26,118","±7,739","±1,701","±14,019","±7,629"
Ohio,,,,,,,,,,,,,,,,,,,,,,,,,,,,,,,,,,,,,,,,,,,,,,,,,,,,,,
Estimate,"72,306",,"92,771","73,325","85,786","60,188","71,859","103,239","57,452","74,251","81,703","63,193",,"60,771","60,292","50,366","66,843","60,971","84,497",,"94,610","81,257","90,623","71,835","82,168","107,982","65,725","81,602","92,992","71,384",,"68,840","61,699","57,444","71,621","71,440","64,834",,"85,281","69,365","81,150","57,278","60,647","91,108","55,583","71,813","70,733","61,087",,"53,807","53,165","46,209","61,635","56,664"
Margin of Error,±507,,"±3,324","±3,714","±4,906","±2,119","±3,123","±2,979","±8,280","±1,682","±1,320","±2,320",,"±3,066","±2,895","±2,524","±2,750",±933,"±1,732",,"±5,699","±6,774","±8,106","±11,455","±5,057","±5,010","±17,023","±2,423","±3,089","±2,114",,"±4,589","±1,936","±7,311","±5,355","±3,592","±1,204",,"±15,351","±3,444","±7,133","±2,938","±1,902","±5,442","±6,782",±994,"±1,404","±1,077",,"±5,765","±7,438","±2,447","±2,606","±2,026"
Oklahoma,,,,,,,,,,,,,,,,,,,,,,,,,,,,,,,,,,,,,,,,,,,,,,,,,,,,,,
Estimate,"61,362",,"71,738","62,323","76,193","56,660","61,871","92,406","50,699","71,108","67,751","50,157",,"52,435","53,280","51,084","61,093","55,883","75,286",,"85,567","80,341","85,480","61,944","78,733","100,313","66,260","78,403","81,284","61,083",,"60,636","60,918","50,961","70,417","65,782","52,478",,"51,022","55,038","60,889","55,168","51,257","72,331","46,048","67,257","56,404","47,630",,"51,103","46,917","51,151","53,892","49,644"
Margin of Error,±486,,"±5,750","±4,011","±13,766","±4,075","±5,767","±11,090","±8,729","±2,308","±2,918",±981,,"±3,913","±4,280","±2,610","±4,181","±4,314","±1,854",,"±6,665","±11,275","±12,663","±6,761","±11,665","±7,316","±15,738","±10,375","±1,335","±2,461",,"±14,494","±2,786","±7,998","±7,701","±6,171","±1,089",,"±7,026","±3,610","±14,981","±4,743","±7,030","±22,969","±1,897","±3,596","±2,542","±1,198",,"±3,816","±4,015","±4,239","±7,037","±2,196"
Oregon,,,,,,,,,,,,,,,,,,,,,,,,,,,,,,,,,,,,,,,,,,,,,,,,,,,,,,
Estimate,"76,495",,"102,938","73,259","86,083","66,441","76,644","117,843","66,141","85,809","83,982","59,655",,"66,425","65,959","55,551","72,281","70,279","90,773",,"110,685","87,852","101,779","71,720","87,368","118,803","78,000","101,026","92,073","66,767",,"74,887","67,347","65,428","77,731","90,125","66,519",,"76,527","63,524","72,166","65,591","67,299","116,276","62,409","81,275","70,189","54,840",,"61,619","60,034","50,466","64,372","62,404"
Margin of Error,"±1,111",,"±5,374","±4,387","±12,075","±2,196","±3,472","±6,822","±11,500","±3,761","±4,421","±3,886",,"±6,263","±3,027","±4,806","±3,950","±3,319","±1,385",,"±8,149","±7,136","±12,679","±12,127","±6,612","±9,137","±30,627","±5,867","±3,656","±13,675",,"±8,773","±8,751","±9,658","±8,512","±7,247","±1,089",,"±14,144","±4,493","±13,565","±3,951","±3,909","±13,937","±11,337","±2,335","±4,430","±5,317",,"±6,332","±10,217","±4,961","±6,627","±7,004"
Pennsylvania,,,,,,,,,,,,,,,,,,,,,,,,,,,,,,,,,,,,,,,,,,,,,,,,,,,,,,
Estimate,"74,997",,"94,027","81,076","82,451","61,952","73,589","106,634","67,420","79,992","81,653","62,922",,"66,285","66,466","51,756","66,773","60,930","87,885",,"100,420","90,265","97,537","81,345","82,121","110,606","80,705","90,976","91,868","73,037",,"79,432","71,044","56,697","71,955","75,073","65,566",,"74,752","73,083","70,053","59,887","62,399","96,246","63,979","76,136","70,937","60,945",,"61,337","60,478","50,078","62,004","52,243"
Margin of Error,±687,,"±4,438","±1,724","±6,698","±1,419","±2,050","±3,674","±6,957","±1,941",±905,"±2,336",,"±3,060","±3,792","±2,059","±2,650","±1,439","±1,716",,"±2,228","±4,730","±8,544","±5,995","±5,303","±4,016","±11,659","±3,810","±2,511","±3,568",,"±9,872","±3,326","±6,387","±5,193","±3,302",±803,,"±3,271","±3,608","±7,105","±3,222","±3,309","±3,825","±5,926","±1,293","±2,288","±1,028",,"±2,929","±3,863","±2,927","±3,295","±1,814"
Rhode Island,,,,,,,,,,,,,,,,,,,,,,,,,,,,,,,,,,,,,,,,,,,,,,,,,,,,,,
Estimate,"79,466",,"96,389","80,841","82,298","62,312","73,087","108,911","76,732","81,670","84,371","77,884",,"70,857","74,904","62,306","71,786","65,258","89,432",,"96,061","92,578","90,899","98,891","87,011","112,065","32,289","96,060","96,802","83,819",,"81,198","79,783","65,270","73,214","74,688","69,939",,"97,114","73,268","81,313","60,658","68,729","95,279","77,175","80,861","72,057","75,526",,"64,485","60,746","62,201","67,434","55,136"
Margin of Error,"±3,367",,"±5,725","±10,100","±19,110","±7,321","±11,879","±12,165","±48,237","±6,915","±4,899","±7,488",,"±9,297","±10,244","±13,182","±14,093","±3,976","±3,198",,"±7,265","±40,744","±44,290","±14,516","±25,574","±11,270","±187,827","±18,965","±9,906","±8,700",,"±16,320","±11,840","±25,219","±12,907","±18,413","±3,961",,"±33,654","±14,268","±23,604","±5,508","±21,870","±21,601","±28,675","±6,899","±11,249","±7,706",,"±8,601","±21,396","±15,167","±26,206","±15,083"
South Carolina,,,,,,,,,,,,,,,,,,,,,,,,,,,,,,,,,,,,,,,,,,,,,,,,,,,,,,
Estimate,"65,633",,"76,886","70,443","68,533","52,035","61,911","101,449","61,579","70,263","76,385","50,863",,"61,053","56,632","51,355","61,376","58,725","81,123",,"85,602","81,242","78,745","66,259","74,328","104,802","72,620","74,206","89,374","61,997",,"70,608","61,592","60,669","72,815","72,061","55,889",,"64,088","62,792","63,209","50,594","51,535","71,325","58,594","67,071","61,787","50,004",,"55,459","49,080","46,868","52,857","50,573"
Margin of Error,±860,,"±5,736","±4,973","±13,653","±3,022","±5,895","±2,356","±9,163","±3,211","±2,095","±1,048",,"±3,351","±4,911","±4,141","±4,388","±4,460","±1,256",,"±8,398","±14,991","±15,008","±8,595","±3,828","±6,048","±21,416","±7,162","±4,907","±11,006",,"±13,099","±10,578","±8,892","±7,733","±5,503","±1,086",,"±8,199","±7,874","±13,160","±1,993","±6,849","±10,495","±10,935","±3,427","±3,114","±1,383",,"±6,615","±5,740","±6,380","±6,744","±2,373"
South Dakota,,,,,,,,,,,,,,,,,,,,,,,,,,,,,,,,,,,,,,,,,,,,,,,,,,,,,,
Estimate,"61,887",,"75,154","67,805","61,944","60,083","68,709","81,567","48,074","66,598","70,606","53,191",,"47,469","56,005","39,388","60,186","56,298","71,978",,"88,845","90,219","66,775","80,138","70,515","94,583","47,344","78,099","81,708","61,060",,"46,106","52,750","45,574","65,943","62,267","55,088",,"53,577","58,185","41,457","44,974","51,850","36,529","49,076","66,012","59,426","51,231",,"50,541","60,404","37,906","51,859","48,868"
Margin of Error,±796,,"±16,075","±10,845","±6,601","±6,173","±4,818","±11,958","±13,547","±5,848","±5,473","±1,996",,"±12,652","±8,995","±7,576","±12,779","±8,211","±2,840",,"±15,567","±26,181","±16,093","±18,248","±4,355","±21,715","±93,543","±15,954","±7,357","±3,049",,"±32,800","±11,110","±12,939","±20,936","±13,789","±2,295",,"±4,066","±4,711","±9,894","±18,584","±10,837","±19,657","±16,135","±5,169","±7,475","±1,474",,"±13,295","±16,780","±8,895","±11,042","±8,217"
Tennessee,,,,,,,,,,,,,,,,,,,,,,,,,,,,,,,,,,,,,,,,,,,,,,,,,,,,,,
Estimate,"67,337",,"92,837","76,159","89,482","55,582","71,634","101,328","60,211","71,834","74,486","52,053",,"56,919","61,490","54,956","62,087","56,758","82,279",,"100,323","84,387","91,235","61,864","99,366","108,172","73,100","90,196","90,000","62,085",,"57,442","68,956","67,337","67,110","70,673","58,655",,"75,874","69,787","78,705","52,901","56,681","68,975","56,311","69,208","63,572","50,603",,"56,600","52,126","47,380","61,027","50,015"
Margin of Error,"±1,245",,"±7,054","±4,249","±11,680","±3,404","±4,509","±2,450","±6,473","±1,915","±2,694","±1,086",,"±4,720","±2,710","±6,174","±2,862","±2,638","±2,068",,"±3,679","±9,375","±6,529","±7,268","±6,305","±9,124","±18,752","±11,206","±4,376","±3,881",,"±9,124","±6,289","±8,709","±8,201","±4,224","±2,138",,"±11,696","±6,718","±13,356","±3,773","±5,273","±15,603","±6,367","±3,774","±3,509","±1,016",,"±4,678","±3,402","±4,682","±1,795","±5,178"
Texas,,,,,,,,,,,,,,,,,,,,,,,,,,,,,,,,,,,,,,,,,,,,,,,,,,,,,,
Estimate,"73,571",,"100,195","72,666","79,916","61,398","77,488","110,675","61,603","77,213","82,058","59,258",,"62,367","62,120","58,919","66,572","62,688","91,616",,"103,477","81,917","93,401","72,695","93,948","117,664","71,944","90,904","97,439","65,711",,"72,239","71,871","67,347","72,279","74,851","62,371",,"78,030","66,088","67,271","57,427","65,831","86,056","60,804","71,452","68,550","57,884",,"60,482","53,762","53,804","63,664","55,732"
Margin of Error,±707,,"±2,872","±2,439","±3,994",±910,"±3,194","±2,947",±885,"±1,890",±823,"±1,258",,"±2,505","±1,960","±2,897","±2,145","±1,524",±734,,"±2,323","±3,286","±9,711","±3,524","±4,356","±3,317","±6,597","±2,764","±3,027","±3,534",,"±4,550","±2,494","±6,976","±4,679","±2,211",±310,,"±6,461","±1,768","±3,086","±2,129","±2,473","±8,822",±972,"±1,236","±2,395","±1,162",,"±1,271","±2,837","±3,668","±3,490","±1,622"
Utah,,,,,,,,,,,,,,,,,,,,,,,,,,,,,,,,,,,,,,,,,,,,,,,,,,,,,,
Estimate,"74,225",,"100,615","82,011","80,661","60,804","80,862","102,487","66,553","67,447","88,394","56,197",,"69,017","70,778","51,546","71,784","61,452","94,701",,"101,791","92,386","97,774","77,774","94,459","107,266","97,385","90,471","101,714","76,964",,"83,394","88,372","61,365","88,443","78,226","56,200",,"91,307","69,381","66,643","50,705","56,423","72,138","49,929","59,868","65,673","52,587",,"51,346","56,270","40,668","54,642","46,274"
Margin of Error,"±1,666",,"±2,896","±4,091","±13,864","±4,659","±5,046","±3,308","±9,766","±3,895","±4,974","±1,948",,"±5,229","±6,240","±3,104","±5,401","±3,062","±2,572",,"±4,318","±10,916","±15,514","±13,511","±12,558","±7,492","±22,277","±6,049","±2,358","±14,194",,"±7,351","±8,431","±4,409","±8,159","±5,166","±1,306",,"±11,156","±9,234","±14,839","±6,331","±12,335","±18,523","±8,836","±4,341","±3,038","±2,178",,"±4,500","±16,223","±3,275","±4,785","±5,533"
Vermont,,,,,,,,,,,,,,,,,,,,,,,,,,,,,,,,,,,,,,,,,,,,,,,,,,,,,,
Estimate,"66,328",,"78,691","61,929","102,078","59,251","72,115","93,530","88,994","71,503","69,052","58,652",,"65,730","56,941","55,862","60,401","62,422","76,990",,"81,177","73,700","136,119","79,535","100,434","100,587","89,497","90,259","67,827","71,286",,"93,682","57,291","67,285","49,885","78,799","59,548",,"65,222","56,591","62,165","56,495","56,127","75,574","75,563","70,342","70,501","53,518",,"58,631","54,837","45,966","61,494","58,050"
Margin of Error,"±1,466",,"±8,446","±5,142","±36,559","±4,257","±11,248","±18,548","±25,304","±4,732","±5,062","±5,473",,"±10,238","±4,497","±9,262","±9,989","±5,984","±3,165",,"±9,104","±12,047","±19,939","±17,829","±21,041","±9,524","±20,097","±24,979","±7,773","±5,173",,"±32,800","±10,290","±14,298","±25,611","±14,697","±2,698",,"±11,611","±5,128","±13,850","±2,168","±8,115","±5,547","±50,852","±7,285","±7,510","±5,270",,"±12,928","±8,420","±12,534","±11,610","±4,425"
Virginia,,,,,,,,,,,,,,,,,,,,,,,,,,,,,,,,,,,,,,,,,,,,,,,,,,,,,,
Estimate,"85,546",,"114,408","86,686","98,615","67,420","100,602","121,629","77,608","76,756","93,857","60,509",,"71,912","81,416","56,971","74,625","71,755","104,076",,"122,538","101,792","110,211","83,952","112,821","124,805","91,957","91,413","110,505","77,744",,"95,596","96,886","61,099","81,616","90,640","71,098",,"94,403","76,049","82,940","63,755","85,956","104,375","75,038","73,158","80,375","56,908",,"65,045","61,719","54,643","70,033","57,169"
Margin of Error,"±1,123",,"±4,316","±4,794","±6,406","±4,428","±1,606","±2,326","±4,376","±2,469","±3,867","±1,474",,"±3,616","±5,069","±2,654","±3,951","±3,104","±1,272",,"±3,286","±4,580","±11,777","±9,479","±5,504","±4,003","±15,194","±3,915","±5,022","±6,498",,"±9,308","±10,619","±10,211","±9,429","±3,244",±672,,"±8,892","±6,539","±12,139","±3,198","±4,055","±11,146","±10,747","±2,590","±2,861","±1,564",,"±5,194","±2,580","±4,724","±6,083","±3,622"
Washington,,,,,,,,,,,,,,,,,,,,,,,,,,,,,,,,,,,,,,,,,,,,,,,,,,,,,,
Estimate,"91,185",,"147,862","82,398","94,004","76,623","90,580","139,105","85,276","85,029","91,548","71,447",,"73,795","76,918","70,232","80,130","76,360","109,105",,"152,676","102,192","101,506","90,973","100,097","150,092","104,278","99,814","106,818","84,815",,"90,717","81,068","83,175","87,034","93,750","75,437",,"129,685","72,476","80,171","72,056","82,821","111,326","70,678","79,605","75,703","67,137",,"70,055","68,611","60,260","74,804","64,062"
Margin of Error,±791,,"±6,746","±4,531","±7,605","±3,060","±2,929","±6,812","±12,953","±4,001","±2,130","±2,125",,"±2,536","±4,584","±5,133","±5,481","±2,849","±3,049",,"±2,871","±6,335","±4,018","±10,510","±4,587","±6,425","±15,765","±5,080","±6,344","±8,428",,"±11,325","±4,830","±6,389","±8,619","±7,628","±1,063",,"±10,394","±4,576","±9,495","±4,531","±4,924","±10,182","±8,697","±4,422","±3,567","±3,149",,"±4,547","±6,354","±8,001","±6,248","±4,351"
West Virginia,,,,,,,,,,,,,,,,,,,,,,,,,,,,,,,,,,,,,,,,,,,,,,,,,,,,,,
Estimate,"61,381",,"91,927","59,087","78,613","52,864","61,571","101,405","50,948","72,470","62,420","51,267",,"54,609","51,722","37,053","69,010","61,686","76,129",,"98,347","62,100","102,071","60,201","69,149","102,046","71,756","88,329","76,876","56,906",,"76,554","58,645","42,165","75,739","74,840","54,505",,"56,663","54,971","53,765","51,559","56,636","72,052","39,695","68,961","54,146","49,647",,"44,935","34,693","36,791","67,697","45,476"
Margin of Error,±947,,"±13,738","±4,540","±21,933","±6,730","±8,062","±2,293","±26,206","±5,468","±4,793","±2,641",,"±10,033","±8,335","±6,695","±11,163","±7,163","±2,586",,"±15,134","±19,108","±30,693","±14,561","±16,333","±3,380","±49,555","±11,516","±8,296","±5,880",,"±58,701","±3,048","±21,572","±21,248","±5,498","±1,837",,"±24,175","±4,727","±10,982","±7,179","±12,293","±25,148","±15,768","±5,053","±4,629","±2,273",,"±16,256","±16,337","±4,264","±9,608","±5,071"
Wisconsin,,,,,,,,,,,,,,,,,,,,,,,,,,,,,,,,,,,,,,,,,,,,,,,,,,,,,,
Estimate,"70,527",,"91,911","72,310","88,902","57,696","67,114","98,697","56,300","72,980","80,630","56,024",,"57,311","61,395","51,130","65,606","60,668","83,192",,"101,111","80,523","98,101","73,664","78,178","102,033","56,945","81,037","91,803","62,415",,"60,347","65,200","60,350","74,225","74,678","61,232",,"80,827","66,708","65,901","52,908","59,930","74,694","55,028","71,255","68,331","53,930",,"56,554","60,002","46,800","59,586","55,167"
Margin of Error,±582,,"±5,636","±2,899","±9,448","±4,040","±3,728","±3,665","±7,444","±1,715","±1,459","±1,130",,"±4,281","±1,909","±2,013","±2,429","±1,871","±2,146",,"±4,438","±3,818","±8,975","±9,746","±6,657","±1,988","±33,449","±2,833","±2,452","±2,474",,"±6,083","±5,105","±5,508","±6,195","±6,624",±644,,"±7,183","±3,105","±14,668","±2,899","±3,605","±6,210","±10,315","±1,102","±3,275","±1,739",,"±3,882","±9,152","±3,261","±2,924","±2,588"
Wyoming,,,,,,,,,,,,,,,,,,,,,,,,,,,,,,,,,,,,,,,,,,,,,,,,,,,,,,
Estimate,"62,079",,"63,539","62,030","77,677","55,016","63,087","74,292","88,420","74,898","67,392","60,740",,"64,423","62,242","50,868","60,043","52,301","73,982",,"64,848","71,842","80,286","62,079","58,826","86,223",-,"84,503","80,591","71,204",,"92,814","66,711","61,671","61,286","79,631","57,132",,"49,730","57,158","76,338","48,156","63,226","51,265","88,420","72,346","58,819","57,565",,"58,705","41,901","37,212","56,541","41,573"
Margin of Error,"±1,590",,"±12,938","±9,451","±5,449","±16,072","±15,831","±23,468","±65,897","±5,335","±14,349","±3,414",,"±23,767","±12,286","±5,489","±5,245","±10,332","±5,229",,"±38,601","±20,551","±10,169","±21,440","±55,092","±24,077",**,"±26,033","±9,550","±11,622",,"±33,362","±18,521","±18,042","±4,309","±21,884","±3,013",,"±24,131","±7,292","±10,813","±17,839","±11,722","±35,104","±65,897","±4,153","±8,435","±7,365",,"±6,145","±37,462","±21,535","±8,739","±13,648"
Puerto Rico,,,,,,,,,,,,,,,,,,,,,,,,,,,,,,,,,,,,,,,,,,,,,,,,,,,,,,
Estimate,"33,734",,"36,334","39,155","42,134","31,053","31,334","62,460","40,566","32,250","35,126","28,756",,"25,201","31,407","24,644","32,170","25,810","38,950",,"36,488","41,854","47,925","36,442","35,164","65,120","17,258","35,985","40,570","28,700",,"23,120","36,269","22,677","40,947","29,919","31,251",,"35,302","37,412","41,377","30,082","28,264","60,119","40,613","31,442","32,201","28,811",,"30,705","26,428","25,363","29,920","24,478"
Margin of Error,"±1,003",,"±6,243","±4,971","±5,338","±3,172","±5,202","±4,420","±8,281","±1,680","±1,841","±2,271",,"±9,917","±11,961","±7,114","±5,913","±1,856","±2,666",,"±5,894","±15,059","±18,457","±4,422","±7,032","±6,060","±61,397","±3,737","±4,270","±2,950",,"±14,013","±19,409","±14,589","±2,796","±7,198",±876,,"±26,382","±5,750","±3,567","±3,855","±5,823","±13,740","±6,494","±1,850","±1,510","±3,369",,"±9,963","±11,413","±7,593","±7,985","±1,357"
